{
  "project_info": {
    "project_number": "605936979831",
    "project_id": "rock-webber-technologies",
    "storage_bucket": "rock-webber-technologies.appspot.com"
  },
  "client": [
    {
      "client_info": {
        "mobilesdk_app_id": "1:605936979831:android:cf0a06fb7e313af4451b72",
        "android_client_info": {
          "package_name": "com.example.samplenativeandroid"
        }
      },
      "oauth_client": [
        {
          "client_id": "605936979831-7m77niucp3r5fr612nkfjbpdeotum6qb.apps.googleusercontent.com",
          "client_type": 3
        }
      ],
      "api_key": [
        {
          "current_key": "AIzaSyDTlOymF07M-bYawsprepOuOjF-RBMJ1lc"
        }
      ],
      "services": {
        "appinvite_service": {
          "other_platform_oauth_client": [
            {
              "client_id": "605936979831-7m77niucp3r5fr612nkfjbpdeotum6qb.apps.googleusercontent.com",
              "client_type": 3
            }
          ]
        }
      }
    }
  ],
  "configuration_version": "1"
}